Book Title	Author	Edition	Product Type	Copyright Year	Copyright Holder	Print ISBN	Electronic ISBN	Language	Language Collection	eBook Package	English Package Name	German Package Name	Series Print ISSN	Series Electronic ISSN	Series Title	Volume Number	DOI URL	OpenURL	Subject Classification	Publisher	Imprint	epub	pdf
Werbe- und Konsumentenpsychologie	Georg Felser	4. Aufl. 2015	German textbook	2015	Springer-Verlag Berlin Heidelberg	978-3-642-37644-3	978-3-642-37645-0	DE	German	40904	Psychology	Psychologie					http://doi.org/10.1007/978-3-642-37645-0	http://link.springer.com/openurl?genre=book&isbn=978-3-642-37645-0	Psychology; Industrial and Organizational Psychology; Marketing; Organizational Studies, Economic Sociology; Cognitive Psychology; Printing and Publishing; Creativity and Arts Education	Springer Berlin Heidelberg	Springer	https://link.springer.com/download/epub/10.1007%2F978-3-642-37645-0.epub	https://link.springer.com/content/pdf/10.1007%2F978-3-642-37645-0.pdf
Allgemeine und Spezielle Pathologie	Ursus-Nikolaus Riede, Martin Werner	2. Aufl. 2017	German textbook	2017	Springer-Verlag GmbH Deutschland	978-3-662-48724-2	978-3-662-48725-9	DE	German	11773	Medicine	Medizin	0937-7433	2512-5214	Springer-Lehrbuch		http://doi.org/10.1007/978-3-662-48725-9	http://link.springer.com/openurl?genre=book&isbn=978-3-662-48725-9	Medicine & Public Health; Pathology	Springer Berlin Heidelberg	Springer		https://link.springer.com/content/pdf/10.1007%2F978-3-662-48725-9.pdf
Statistik	Ludwig Fahrmeir, Christian Heumann, Rita Künstler, Iris Pigeot, Gerhard Tutz	8. Aufl. 2016	German textbook	2016	Springer-Verlag Berlin Heidelberg	978-3-662-50371-3	978-3-662-50372-0	DE	German	11777	Life Science and Basic Disciplines	Natur- und Basiswissenschaften	0937-7433	2512-5214	Springer-Lehrbuch		http://doi.org/10.1007/978-3-662-50372-0	http://link.springer.com/openurl?genre=book&isbn=978-3-662-50372-0	Statistics; Statistical Theory and Methods; Statistics for Business/Economics/Mathematical Finance/Insurance; Economic Theory/Quantitative Economics/Mathematical Methods	Springer Berlin Heidelberg	Springer Spektrum		https://link.springer.com/content/pdf/10.1007%2F978-3-662-50372-0.pdf
Psychologische Diagnostik	Lothar Schmidt-Atzert, Manfred Amelang	5. Aufl. 2012	German textbook	2012	Springer-Verlag GmbH Deutschland, ein Teil von Springer Nature	978-3-642-17000-3	978-3-642-17001-0	DE	German	11776	Humanities and Social Sciences	Geistes- und Sozialwissenschaften	0937-7433	2512-5214	Springer-Lehrbuch		http://doi.org/10.1007/978-3-642-17001-0	http://link.springer.com/openurl?genre=book&isbn=978-3-642-17001-0	Psychology; Psychological Methods/Evaluation; Psychometrics; Clinical Psychology; Industrial and Organizational Psychology; Pedagogic Psychology; Developmental Psychology	Springer Berlin Heidelberg	Springer		https://link.springer.com/content/pdf/10.1007%2F978-3-642-17001-0.pdf
Höhere Mathematik in Rezepten	Christian Karpfinger	3. Aufl. 2017	German textbook	2017	Springer-Verlag GmbH Deutschland	978-3-662-54808-0	978-3-662-54809-7	DE	German	11777	Life Science and Basic Disciplines	Natur- und Basiswissenschaften					http://doi.org/10.1007/978-3-662-54809-7	http://link.springer.com/openurl?genre=book&isbn=978-3-662-54809-7	Mathematics; Linear and Multilinear Algebras, Matrix Theory; Ordinary Differential Equations; Partial Differential Equations	Springer Berlin Heidelberg	Springer Spektrum	https://link.springer.com/download/epub/10.1007%2F978-3-662-54809-7.epub	https://link.springer.com/content/pdf/10.1007%2F978-3-662-54809-7.pdf
Pädagogische Psychologie	Elke Wild, Jens Möller	2. Aufl. 2015	German textbook	2015	Springer-Verlag GmbH Deutschland	978-3-642-41290-5	978-3-642-41291-2	DE	German	40904	Psychology	Psychologie	0937-7433	2512-5214	Springer-Lehrbuch		http://doi.org/10.1007/978-3-642-41291-2	http://link.springer.com/openurl?genre=book&isbn=978-3-642-41291-2	Psychology; Pedagogic Psychology; Developmental Psychology; Child and School Psychology; Psychotherapy and Counseling	Springer Berlin Heidelberg	Springer	https://link.springer.com/download/epub/10.1007%2F978-3-642-41291-2.epub	https://link.springer.com/content/pdf/10.1007%2F978-3-642-41291-2.pdf
Experimentalphysik 3	Wolfgang Demtröder	5. Aufl. 2016	German textbook	2016	Springer-Verlag Berlin Heidelberg	978-3-662-49093-8	978-3-662-49094-5	DE	German	11777	Life Science and Basic Disciplines	Natur- und Basiswissenschaften	0937-7433	2512-5214	Springer-Lehrbuch		http://doi.org/10.1007/978-3-662-49094-5	http://link.springer.com/openurl?genre=book&isbn=978-3-662-49094-5	Physics; Atomic, Molecular, Optical and Plasma Physics; Solid State Physics	Springer Berlin Heidelberg	Springer Spektrum	https://link.springer.com/download/epub/10.1007%2F978-3-662-49094-5.epub	https://link.springer.com/content/pdf/10.1007%2F978-3-662-49094-5.pdf
Klinische Psychologie & Psychotherapie (Lehrbuch mit Online-Materialien)	Hans-Ulrich Wittchen, Jürgen Hoyer	2. Aufl. 2011	German textbook	2011	Springer-Verlag Berlin Heidelberg	978-3-642-13017-5	978-3-642-13018-2	DE	German	11776	Humanities and Social Sciences	Geistes- und Sozialwissenschaften	0937-7433	2512-5214	Springer-Lehrbuch		http://doi.org/10.1007/978-3-642-13018-2	http://link.springer.com/openurl?genre=book&isbn=978-3-642-13018-2	Psychology; Clinical Psychology; Psychotherapy; Psychiatry; Health Psychology	Springer Berlin Heidelberg	Springer		https://link.springer.com/content/pdf/10.1007%2F978-3-642-13018-2.pdf
Löffler/Petrides Biochemie  und Pathobiochemie	Peter C. Heinrich, Matthias Müller, Lutz Graeve	9. Aufl. 2014	German textbook	2014	Springer Berlin Heidelberg	978-3-642-17971-6	978-3-642-17972-3	DE	German	11773	Medicine	Medizin	0937-7433	2512-5214	Springer-Lehrbuch		http://doi.org/10.1007/978-3-642-17972-3	http://link.springer.com/openurl?genre=book&isbn=978-3-642-17972-3	Medicine & Public Health; Medical Biochemistry; Biochemistry, general; Cell Biology; Human Genetics; Molecular Medicine	Springer Berlin Heidelberg	Springer		https://link.springer.com/content/pdf/10.1007%2F978-3-642-17972-3.pdf
Biologische Psychologie	Niels Birbaumer, Robert F. Schmidt	7., vollst. überarb. u. ergänzte Aufl. 2010	German textbook	2010	Springer-Verlag Berlin Heidelberg	978-3-540-95937-3	978-3-540-95938-0	DE	German	11776	Humanities and Social Sciences	Geistes- und Sozialwissenschaften	0937-7433	2512-5214	Springer-Lehrbuch		http://doi.org/10.1007/978-3-540-95938-0	http://link.springer.com/openurl?genre=book&isbn=978-3-540-95938-0	Psychology; Biological Psychology; Neuropsychology	Springer Berlin Heidelberg	Springer		https://link.springer.com/content/pdf/10.1007%2F978-3-540-95938-0.pdf
Integrierte Materialwirtschaft, Logistik und Beschaffung	Helmut Wannenwetsch	5., neu bearb. Aufl. 2014	German textbook	2014	Springer-Verlag Berlin Heidelberg	978-3-642-45022-8	978-3-642-45023-5	DE	German	11774	Computer Science & Engineering	Technik & Informatik	0937-7433	2512-5214	Springer-Lehrbuch		http://doi.org/10.1007/978-3-642-45023-5	http://link.springer.com/openurl?genre=book&isbn=978-3-642-45023-5	Engineering; Engineering Economics, Organization, Logistics, Marketing; Management; Operations Management; Control, Robotics, Mechatronics	Springer Berlin Heidelberg	Springer Vieweg		https://link.springer.com/content/pdf/10.1007%2F978-3-642-45023-5.pdf
Methoden der vergleichenden Politik- und Sozialwissenschaft	Susanne Pickel, Gert Pickel, Hans-Joachim Lauth, Detlef Jahn	2009	German textbook	2009	VS Verlag für Sozialwissenschaften | Springer Fachmedien Wiesbaden GmbH, Wiesbaden	978-3-531-16194-5	978-3-531-91826-6	DE	German	11776	Humanities and Social Sciences	Geistes- und Sozialwissenschaften					http://doi.org/10.1007/978-3-531-91826-6	http://link.springer.com/openurl?genre=book&isbn=978-3-531-91826-6	Political Science and International Relations; Comparative Politics; Political Science	VS Verlag für Sozialwissenschaften	VS Verlag für Sozialwissenschaften		https://link.springer.com/content/pdf/10.1007%2F978-3-531-91826-6.pdf
Roloff/Matek Maschinenelemente	Herbert Wittel, Dieter Muhs, Dieter Jannasch, Joachim Voßiek	22. Aufl. 2015	German textbook	2015	Springer Fachmedien Wiesbaden	978-3-658-09081-4	978-3-658-09082-1	DE	German	11774	Computer Science & Engineering	Technik & Informatik					http://doi.org/10.1007/978-3-658-09082-1	http://link.springer.com/openurl?genre=book&isbn=978-3-658-09082-1	Engineering; Machinery and Machine Elements; Engineering Design	Springer Fachmedien Wiesbaden	Springer Vieweg		https://link.springer.com/content/pdf/10.1007%2F978-3-658-09082-1.pdf
Kultur. Theorien der Gegenwart	Stephan Moebius, Dirk Quadflieg	2. Aufl. 2011	German textbook	2011	VS Verlag für Sozialwissenschaften | Springer Fachmedien Wiesbaden GmbH, Wiesbaden	978-3-531-16775-6	978-3-531-92056-6	DE	German	11776	Humanities and Social Sciences	Geistes- und Sozialwissenschaften					http://doi.org/10.1007/978-3-531-92056-6	http://link.springer.com/openurl?genre=book&isbn=978-3-531-92056-6	Social Sciences; Knowledge - Discourse; Sociology, general; Political Science; Media Research; Social Sciences, general	VS Verlag für Sozialwissenschaften	VS Verlag für Sozialwissenschaften		https://link.springer.com/content/pdf/10.1007%2F978-3-531-92056-6.pdf
Theoretische Physik	Matthias Bartelmann, Björn Feuerbacher, Timm Krüger, Dieter Lüst, Anton Rebhan, Andreas Wipf	2015	German textbook	2015	Springer-Verlag Berlin Heidelberg	978-3-642-54617-4	978-3-642-54618-1	DE	German	11777	Life Science and Basic Disciplines	Natur- und Basiswissenschaften					http://doi.org/10.1007/978-3-642-54618-1	http://link.springer.com/openurl?genre=book&isbn=978-3-642-54618-1	Physics; Physics, general; Classical Mechanics; Classical Electrodynamics; Quantum Physics; Thermodynamics; Theoretical, Mathematical and Computational Physics	Springer Berlin Heidelberg	Springer Spektrum	https://link.springer.com/download/epub/10.1007%2F978-3-642-54618-1.epub	https://link.springer.com/content/pdf/10.1007%2F978-3-642-54618-1.pdf
Fragebogen	Rolf Porst	4., erweitert Aufl. 2014	German textbook	2014	Springer Fachmedien Wiesbaden	978-3-658-02117-7	978-3-658-02118-4	DE	German	11776	Humanities and Social Sciences	Geistes- und Sozialwissenschaften	2512-5362	2512-5370	Studienskripten zur Soziologie		http://doi.org/10.1007/978-3-658-02118-4	http://link.springer.com/openurl?genre=book&isbn=978-3-658-02118-4	Social Sciences; Methodology of the Social Sciences; Sociology, general; Political Science; Psychological Methods/Evaluation; Communication Studies	Springer Fachmedien Wiesbaden	Springer VS		https://link.springer.com/content/pdf/10.1007%2F978-3-658-02118-4.pdf
Forschungsmethoden in Psychologie und Sozialwissenschaften für Bachelor	Walter Hussy, Margrit Schreier, Gerald Echterhoff	2. Aufl. 2013	German textbook	2013	Springer-Verlag Berlin Heidelberg	978-3-642-34361-2	978-3-642-34362-9	DE	German	11776	Humanities and Social Sciences	Geistes- und Sozialwissenschaften	0937-7433	2512-5214	Springer-Lehrbuch		http://doi.org/10.1007/978-3-642-34362-9	http://link.springer.com/openurl?genre=book&isbn=978-3-642-34362-9	Psychology; Psychological Methods/Evaluation; Methodology of the Social Sciences; Psychometrics; Statistics, general	Springer Berlin Heidelberg	Springer		https://link.springer.com/content/pdf/10.1007%2F978-3-642-34362-9.pdf
Pahl/Beitz Konstruktionslehre	Jörg Feldhusen, Karl-Heinrich Grote	8. Aufl. 2013	Undergraduate textbook	2013	Springer-Verlag Berlin Heidelberg	978-3-642-29568-3	978-3-642-29569-0	DE	German	11774	Computer Science & Engineering	Technik & Informatik					http://doi.org/10.1007/978-3-642-29569-0	http://link.springer.com/openurl?genre=book&isbn=978-3-642-29569-0	Engineering; Engineering Design; Computational Intelligence	Springer Berlin Heidelberg	Springer Vieweg	https://link.springer.com/download/epub/10.1007%2F978-3-642-29569-0.epub	https://link.springer.com/content/pdf/10.1007%2F978-3-642-29569-0.pdf
Mathematik	Tilo Arens, Frank Hettlich, Christian Karpfinger, Ulrich Kockelkorn, Klaus Lichtenegger, Hellmuth Stachel	3. Aufl. 2015	German textbook	2015	Springer-Verlag Berlin Heidelberg	978-3-642-44918-5	978-3-642-44919-2	DE	German	11777	Life Science and Basic Disciplines	Natur- und Basiswissenschaften					http://doi.org/10.1007/978-3-642-44919-2	http://link.springer.com/openurl?genre=book&isbn=978-3-642-44919-2	Mathematics; Mathematics, general; Applications of Mathematics; Mathematical and Computational Engineering	Springer Berlin Heidelberg	Springer Spektrum	https://link.springer.com/download/epub/10.1007%2F978-3-642-44919-2.epub	https://link.springer.com/content/pdf/10.1007%2F978-3-642-44919-2.pdf
Testtheorie und Fragebogenkonstruktion	Helfried Moosbrugger, Augustin Kelava	2. Aufl. 2012	German textbook	2012	Springer-Verlag Berlin Heidelberg	978-3-642-20071-7	978-3-642-20072-4	DE	German	11776	Humanities and Social Sciences	Geistes- und Sozialwissenschaften	0937-7433	2512-5214	Springer-Lehrbuch		http://doi.org/10.1007/978-3-642-20072-4	http://link.springer.com/openurl?genre=book&isbn=978-3-642-20072-4	Psychology; Psychological Methods/Evaluation; Statistics for Social Science, Behavorial Science, Education, Public Policy, and Law; Statistics, general; Psychometrics; Statistics for Business/Economics/Mathematical Finance/Insurance	Springer Berlin Heidelberg	Springer		https://link.springer.com/content/pdf/10.1007%2F978-3-642-20072-4.pdf
Pharmakologie und Toxikologie	Michael Freissmuth, Stefan Offermanns, Stefan Böhm	2. Aufl. 2016	German textbook	2016	Springer-Verlag Berlin Heidelberg	978-3-662-46688-9	978-3-662-46689-6	DE	German	11773	Medicine	Medizin	0937-7433	2512-5214	Springer-Lehrbuch		http://doi.org/10.1007/978-3-662-46689-6	http://link.springer.com/openurl?genre=book&isbn=978-3-662-46689-6	Medicine & Public Health; Pharmacotherapy	Springer Berlin Heidelberg	Springer	https://link.springer.com/download/epub/10.1007%2F978-3-662-46689-6.epub	https://link.springer.com/content/pdf/10.1007%2F978-3-662-46689-6.pdf
Praktikum in Werkstoffkunde	Eckard Macherauch, Hans-Werner Zoch	12. Aufl. 2014	German textbook	2014	Springer Fachmedien Wiesbaden	978-3-658-05037-5	978-3-658-05038-2	DE	German	11774	Computer Science & Engineering	Technik & Informatik					http://doi.org/10.1007/978-3-658-05038-2	http://link.springer.com/openurl?genre=book&isbn=978-3-658-05038-2	Engineering; Materials Engineering; Mechanical Engineering	Springer Fachmedien Wiesbaden	Springer Vieweg	https://link.springer.com/download/epub/10.1007%2F978-3-658-05038-2.epub	https://link.springer.com/content/pdf/10.1007%2F978-3-658-05038-2.pdf
Sozialpsychologie	Klaus Jonas, Wolfgang Stroebe, Miles Hewstone	6. Aufl. 2014	German textbook	2014	Springer-Verlag Berlin Heidelberg	978-3-642-41090-1	978-3-642-41091-8	DE	German	11776	Humanities and Social Sciences	Geistes- und Sozialwissenschaften	0937-7433	2512-5214	Springer-Lehrbuch		http://doi.org/10.1007/978-3-642-41091-8	http://link.springer.com/openurl?genre=book&isbn=978-3-642-41091-8	Psychology; Personality and Social Psychology; Health Psychology; Industrial and Organizational Psychology; Social Sciences, general	Springer Berlin Heidelberg	Springer	https://link.springer.com/download/epub/10.1007%2F978-3-642-41091-8.epub	https://link.springer.com/content/pdf/10.1007%2F978-3-642-41091-8.pdf
Soziologie von Gesundheit und Krankheit	Matthias Richter, Klaus Hurrelmann	1. Aufl. 2016	German textbook	2016	Springer Fachmedien Wiesbaden	978-3-658-11009-3	978-3-658-11010-9	DE	German	41209	Social Science and Law	Sozialwissenschaften und Recht					http://doi.org/10.1007/978-3-658-11010-9	http://link.springer.com/openurl?genre=book&isbn=978-3-658-11010-9	Social Sciences; Quality of Life Research; Organizational Studies, Economic Sociology; Social Structure, Social Inequality; Political Science; Health Psychology; Health Care Management	Springer Fachmedien Wiesbaden	Springer VS		https://link.springer.com/content/pdf/10.1007%2F978-3-658-11010-9.pdf
Organische Chemie	Hans Peter Latscha, Uli Kazmaier, Helmut Klein	7. Aufl. 2016	German textbook	2016	Springer-Verlag Berlin Heidelberg	978-3-662-46179-2	978-3-662-46180-8	DE	German	11777	Life Science and Basic Disciplines	Natur- und Basiswissenschaften	0937-7433	2512-5214	Springer-Lehrbuch		http://doi.org/10.1007/978-3-662-46180-8	http://link.springer.com/openurl?genre=book&isbn=978-3-662-46180-8	Chemistry; Organic Chemistry; Analytical Chemistry	Springer Berlin Heidelberg	Springer Spektrum	https://link.springer.com/download/epub/10.1007%2F978-3-662-46180-8.epub	https://link.springer.com/content/pdf/10.1007%2F978-3-662-46180-8.pdf
Roloff/Matek Maschinenelemente	Herbert Wittel, Dieter Muhs, Dieter Jannasch, Joachim Voßiek	21. Aufl. 2013	German textbook	2013	Springer Fachmedien Wiesbaden	978-3-658-02326-3	978-3-658-02327-0	DE	German	11774	Computer Science & Engineering	Technik & Informatik					http://doi.org/10.1007/978-3-658-02327-0	http://link.springer.com/openurl?genre=book&isbn=978-3-658-02327-0	Engineering; Machinery and Machine Elements; Engineering Design	Springer Fachmedien Wiesbaden	Springer Vieweg		https://link.springer.com/content/pdf/10.1007%2F978-3-658-02327-0.pdf
Physiologie des Menschen	Robert F. Schmidt, Florian Lang, Manfred Heckmann	31. Aufl. 2011	German textbook	2011	© Springer-Verlag GmbH Deutschland	978-3-642-01650-9	978-3-642-01651-6	DE	German	11773	Medicine	Medizin	0937-7433	2512-5214	Springer-Lehrbuch		http://doi.org/10.1007/978-3-642-01651-6	http://link.springer.com/openurl?genre=book&isbn=978-3-642-01651-6	Medicine & Public Health; Medicine/Public Health, general; Human Physiology; General Practice / Family Medicine	Springer Berlin Heidelberg	Springer		https://link.springer.com/content/pdf/10.1007%2F978-3-642-01651-6.pdf
Gerthsen Physik	Dieter Meschede	25. Aufl. 2015	German textbook	2015	Springer-Verlag Berlin Heidelberg	978-3-662-45976-8	978-3-662-45977-5	DE	German	11777	Life Science and Basic Disciplines	Natur- und Basiswissenschaften	0937-7433	2512-5214	Springer-Lehrbuch		http://doi.org/10.1007/978-3-662-45977-5	http://link.springer.com/openurl?genre=book&isbn=978-3-662-45977-5	Physics; Classical Mechanics; Thermodynamics; Classical and Quantum Gravitation, Relativity Theory; Particle and Nuclear Physics; Condensed Matter Physics; Engineering, general	Springer Berlin Heidelberg	Springer Spektrum		https://link.springer.com/content/pdf/10.1007%2F978-3-662-45977-5.pdf
Sport	Arne Güllich, Michael Krüger	2013	German textbook	2013	Springer-Verlag Berlin Heidelberg	978-3-642-37545-3	978-3-642-37546-0	DE	German	11777	Life Science and Basic Disciplines	Natur- und Basiswissenschaften	2627-1451	2627-146X	Bachelor		http://doi.org/10.1007/978-3-642-37546-0	http://link.springer.com/openurl?genre=book&isbn=978-3-642-37546-0	Life Sciences; Sport; Sports Medicine; Teaching and Teacher Education; Education, general; Psychology, general; Childhood, Adolescence and Society	Springer Berlin Heidelberg	Springer Spektrum	https://link.springer.com/download/epub/10.1007%2F978-3-642-37546-0.epub	https://link.springer.com/content/pdf/10.1007%2F978-3-642-37546-0.pdf
Kognitive Neurowissenschaften	Hans-Otto Karnath, Peter Thier	3. Aufl. 2012	German textbook	2012	Springer-Verlag Berlin Heidelberg	978-3-642-25526-7	978-3-642-25527-4	DE	German	11776	Humanities and Social Sciences	Geistes- und Sozialwissenschaften	0937-7433	2512-5214	Springer-Lehrbuch		http://doi.org/10.1007/978-3-642-25527-4	http://link.springer.com/openurl?genre=book&isbn=978-3-642-25527-4	Psychology; Neuropsychology; Neurosciences; Biological Psychology; Clinical Psychology; Neurology	Springer Berlin Heidelberg	Springer		https://link.springer.com/content/pdf/10.1007%2F978-3-642-25527-4.pdf
Statistik für Human- und Sozialwissenschaftler	Jürgen Bortz, Christof Schuster	7. Aufl. 2010	German textbook	2010	Springer-Verlag Berlin Heidelberg	978-3-642-12769-4	978-3-642-12770-0	DE	German	11776	Humanities and Social Sciences	Geistes- und Sozialwissenschaften	0937-7433	2512-5214	Springer-Lehrbuch		http://doi.org/10.1007/978-3-642-12770-0	http://link.springer.com/openurl?genre=book&isbn=978-3-642-12770-0	Psychology; Psychological Methods/Evaluation; Methodology of the Social Sciences; Statistics for Social Science, Behavorial Science, Education, Public Policy, and Law; Probability Theory and Stochastic Processes	Springer Berlin Heidelberg	Springer		https://link.springer.com/content/pdf/10.1007%2F978-3-642-12770-0.pdf
Entwicklungspsychologie des Kindes- und Jugendalters für Bachelor	Arnold Lohaus, Marc Vierhaus	3., überarb. Aufl. 2015	German textbook	2015	Springer-Verlag Berlin Heidelberg	978-3-662-45528-9	978-3-662-45529-6	DE	German	40904	Psychology	Psychologie	0937-7433	2512-5214	Springer-Lehrbuch		http://doi.org/10.1007/978-3-662-45529-6	http://link.springer.com/openurl?genre=book&isbn=978-3-662-45529-6	Psychology; Developmental Psychology; Pedagogic Psychology; Child and School Psychology	Springer Berlin Heidelberg	Springer		https://link.springer.com/content/pdf/10.1007%2F978-3-662-45529-6.pdf
Arbeits- und Organisationspsychologie	Friedemann W. Nerdinger, Gerhard Blickle, Niclas Schaper	3. Aufl. 2014	German textbook	2014	Springer-Verlag Berlin Heidelberg	978-3-642-41129-8	978-3-642-41130-4	DE	German	11776	Humanities and Social Sciences	Geistes- und Sozialwissenschaften	0937-7433	2512-5214	Springer-Lehrbuch		http://doi.org/10.1007/978-3-642-41130-4	http://link.springer.com/openurl?genre=book&isbn=978-3-642-41130-4	Psychology; Industrial and Organizational Psychology; Organization; Industrial Organization; Personality and Social Psychology; Human Resource Management	Springer Berlin Heidelberg	Springer	https://link.springer.com/download/epub/10.1007%2F978-3-642-41130-4.epub	https://link.springer.com/content/pdf/10.1007%2F978-3-642-41130-4.pdf
Physik für Ingenieure	Ekbert Hering, Rolf Martin, Martin Stohrer	12. Aufl. 2016	German textbook	2016	Springer-Verlag GmbH Deutschland	978-3-662-49354-0	978-3-662-49355-7	DE	German	11774	Computer Science & Engineering	Technik & Informatik					http://doi.org/10.1007/978-3-662-49355-7	http://link.springer.com/openurl?genre=book&isbn=978-3-662-49355-7	Engineering; Theoretical and Applied Mechanics; Engineering Thermodynamics, Heat and Mass Transfer; Applied and Technical Physics; Classical and Continuum Physics; Condensed Matter Physics	Springer Berlin Heidelberg	Springer Vieweg	https://link.springer.com/download/epub/10.1007%2F978-3-662-49355-7.epub	https://link.springer.com/content/pdf/10.1007%2F978-3-662-49355-7.pdf
Neurologie	Werner Hacke	14. Aufl. 2016	German textbook	2016	Springer-Verlag Berlin Heidelberg	978-3-662-46891-3	978-3-662-46892-0	DE	German	11773	Medicine	Medizin	0937-7433	2512-5214	Springer-Lehrbuch		http://doi.org/10.1007/978-3-662-46892-0	http://link.springer.com/openurl?genre=book&isbn=978-3-662-46892-0	Medicine & Public Health; Neurology	Springer Berlin Heidelberg	Springer	https://link.springer.com/download/epub/10.1007%2F978-3-662-46892-0.epub	https://link.springer.com/content/pdf/10.1007%2F978-3-662-46892-0.pdf
Experimentalphysik 1	Wolfgang Demtröder	8. Aufl. 2018	Undergraduate textbook	2018	Springer-Verlag GmbH Deutschland	978-3-662-54846-2	978-3-662-54847-9	DE	German	11777	Life Science and Basic Disciplines	Natur- und Basiswissenschaften	0937-7433	2512-5214	Springer-Lehrbuch		http://doi.org/10.1007/978-3-662-54847-9	http://link.springer.com/openurl?genre=book&isbn=978-3-662-54847-9	Physics; Classical Mechanics; Thermodynamics; Fluid- and Aerodynamics; Acoustics	Springer Berlin Heidelberg	Springer Spektrum	https://link.springer.com/download/epub/10.1007%2F978-3-662-54847-9.epub	https://link.springer.com/content/pdf/10.1007%2F978-3-662-54847-9.pdf
Arbeitsbuch Höhere Mathematik in Rezepten	Christian Karpfinger	3. Aufl. 2018	German textbook	2018	Springer-Verlag GmbH Deutschland	978-3-662-54810-3	978-3-662-54811-0	DE	German	11777	Life Science and Basic Disciplines	Natur- und Basiswissenschaften					http://doi.org/10.1007/978-3-662-54811-0	http://link.springer.com/openurl?genre=book&isbn=978-3-662-54811-0	Mathematics; Analysis; Linear and Multilinear Algebras, Matrix Theory	Springer Berlin Heidelberg	Springer Spektrum	https://link.springer.com/download/epub/10.1007%2F978-3-662-54811-0.epub	https://link.springer.com/content/pdf/10.1007%2F978-3-662-54811-0.pdf
Logistiksysteme	Hans-Christian Pfohl	9. Aufl. 2018	Graduate/advanced undergraduate textbook	2018	Springer-Verlag GmbH Deutschland	978-3-662-56227-7	978-3-662-56228-4	DE	German	11774	Computer Science & Engineering	Technik & Informatik					http://doi.org/10.1007/978-3-662-56228-4	http://link.springer.com/openurl?genre=book&isbn=978-3-662-56228-4	Engineering; Engineering Economics, Organization, Logistics, Marketing; Operations Management; Innovation/Technology Management	Springer Berlin Heidelberg	Springer Vieweg		https://link.springer.com/content/pdf/10.1007%2F978-3-662-56228-4.pdf
Objektorientierte Programmierung mit JavaScript	Jörg Bewersdorff	2. Aufl. 2018	German textbook	2018	Springer Fachmedien Wiesbaden GmbH	978-3-658-21076-2	978-3-658-21077-9	DE	German	11774	Computer Science & Engineering	Technik & Informatik					http://doi.org/10.1007/978-3-658-21077-9	http://link.springer.com/openurl?genre=book&isbn=978-3-658-21077-9	Computer Science; Programming Languages, Compilers, Interpreters; Web Development; Programming Techniques; Software Engineering; Java	Springer Fachmedien Wiesbaden	Springer Vieweg		https://link.springer.com/content/pdf/10.1007%2F978-3-658-21077-9.pdf
Experimentalphysik 2	Wolfgang Demtröder	7. Aufl. 2017	German textbook	2017	Springer-Verlag GmbH Deutschland	978-3-662-55789-1	978-3-662-55790-7	DE	German	11777	Life Science and Basic Disciplines	Natur- und Basiswissenschaften	0937-7433	2512-5214	Springer-Lehrbuch		http://doi.org/10.1007/978-3-662-55790-7	http://link.springer.com/openurl?genre=book&isbn=978-3-662-55790-7	Physics; Classical Electrodynamics; Optics, Lasers, Photonics, Optical Devices	Springer Berlin Heidelberg	Springer Spektrum	https://link.springer.com/download/epub/10.1007%2F978-3-662-55790-7.epub	https://link.springer.com/content/pdf/10.1007%2F978-3-662-55790-7.pdf
Motivation und Handeln	Jutta Heckhausen, Heinz Heckhausen	5. Aufl. 2018	German textbook	2018	Springer-Verlag GmbH Deutschland, ein Teil von Springer Nature	978-3-662-53926-2	978-3-662-53927-9	DE	German	40904	Psychology	Psychologie	0937-7433	2512-5214	Springer-Lehrbuch		http://doi.org/10.1007/978-3-662-53927-9	http://link.springer.com/openurl?genre=book&isbn=978-3-662-53927-9	Psychology; General Psychology; Biological Psychology	Springer Berlin Heidelberg	Springer	https://link.springer.com/download/epub/10.1007%2F978-3-662-53927-9.epub	https://link.springer.com/content/pdf/10.1007%2F978-3-662-53927-9.pdf
Basiswissen Humangenetik	Christian Schaaf, Johannes Zschocke	3. Aufl. 2018	German textbook	2018	Springer-Verlag GmbH Deutschland, ein Teil von Springer Nature	978-3-662-56146-1	978-3-662-56147-8	DE	German	11773	Medicine	Medizin	0937-7433	2512-5214	Springer-Lehrbuch		http://doi.org/10.1007/978-3-662-56147-8	http://link.springer.com/openurl?genre=book&isbn=978-3-662-56147-8	Medicine & Public Health; Medicine/Public Health, general; Human Genetics	Springer Berlin Heidelberg	Springer	https://link.springer.com/download/epub/10.1007%2F978-3-662-56147-8.epub	https://link.springer.com/content/pdf/10.1007%2F978-3-662-56147-8.pdf
Roloff/Matek Maschinenelemente Formelsammlung	Herbert Wittel, Dieter Jannasch, Joachim Voßiek, Christian Spura	14. Aufl. 2018	German textbook	2018	Springer Fachmedien Wiesbaden GmbH, ein Teil von Springer Nature	978-3-658-19899-2	978-3-658-19900-5	DE	German	11774	Computer Science & Engineering	Technik & Informatik					http://doi.org/10.1007/978-3-658-19900-5	http://link.springer.com/openurl?genre=book&isbn=978-3-658-19900-5	Engineering; Machinery and Machine Elements	Springer Fachmedien Wiesbaden	Springer Vieweg		https://link.springer.com/content/pdf/10.1007%2F978-3-658-19900-5.pdf
Stochastik für Einsteiger	Norbert Henze	12. Aufl. 2018	German textbook	2018	Springer Fachmedien Wiesbaden GmbH, ein Teil von Springer Nature	978-3-658-22043-3	978-3-658-22044-0	DE	German	11777	Life Science and Basic Disciplines	Natur- und Basiswissenschaften					http://doi.org/10.1007/978-3-658-22044-0	http://link.springer.com/openurl?genre=book&isbn=978-3-658-22044-0	Mathematics; Probability Theory and Stochastic Processes	Springer Fachmedien Wiesbaden	Springer Spektrum		https://link.springer.com/content/pdf/10.1007%2F978-3-658-22044-0.pdf
Motivation und Emotion	Veronika Brandstätter, Julia Schüler, Rosa Maria Puca, Ljubica Lozo	2. Aufl. 2018	German textbook	2018	Springer-Verlag GmbH Deutschland, ein Teil von Springer Nature	978-3-662-56684-8	978-3-662-56685-5	DE	German	40904	Psychology	Psychologie	0937-7433	2512-5214	Springer-Lehrbuch		http://doi.org/10.1007/978-3-662-56685-5	http://link.springer.com/openurl?genre=book&isbn=978-3-662-56685-5	Psychology; General Psychology; Neurosciences; Biological Psychology	Springer Berlin Heidelberg	Springer	https://link.springer.com/download/epub/10.1007%2F978-3-662-56685-5.epub	https://link.springer.com/content/pdf/10.1007%2F978-3-662-56685-5.pdf
Arbeits-, Organisations- und Personalpsychologie für Bachelor	Simone Kauffeld	3. Aufl. 2019	German textbook	2019	Springer-Verlag GmbH Deutschland, ein Teil von Springer Nature	978-3-662-56012-9	978-3-662-56013-6	DE	German	40904	Psychology	Psychologie	0937-7433	2512-5214	Springer-Lehrbuch		http://doi.org/10.1007/978-3-662-56013-6	http://link.springer.com/openurl?genre=book&isbn=978-3-662-56013-6	Psychology; Industrial and Organizational Psychology; Human Resource Management; Organization; Industrial Organization	Springer Berlin Heidelberg	Springer	https://link.springer.com/download/epub/10.1007%2F978-3-662-56013-6.epub	https://link.springer.com/content/pdf/10.1007%2F978-3-662-56013-6.pdf
Basiswissen Pharmakologie	Roland Seifert	1. Aufl. 2018	German textbook	2018	Springer-Verlag GmbH Deutschland, ein Teil von Springer Nature	978-3-662-56302-1	978-3-662-56303-8	DE	German	11773	Medicine	Medizin	0937-7433	2512-5214	Springer-Lehrbuch		http://doi.org/10.1007/978-3-662-56303-8	http://link.springer.com/openurl?genre=book&isbn=978-3-662-56303-8	Medicine & Public Health; Pharmacotherapy	Springer Berlin Heidelberg	Springer	https://link.springer.com/download/epub/10.1007%2F978-3-662-56303-8.epub	https://link.springer.com/content/pdf/10.1007%2F978-3-662-56303-8.pdf
Konkrete Mathematik (nicht nur) für Informatiker	Edmund Weitz	1. Aufl. 2018	German textbook	2018	Springer Fachmedien Wiesbaden GmbH, ein Teil von Springer Nature	978-3-658-21564-4	978-3-658-21565-1	DE	German	11777	Life Science and Basic Disciplines	Natur- und Basiswissenschaften					http://doi.org/10.1007/978-3-658-21565-1	http://link.springer.com/openurl?genre=book&isbn=978-3-658-21565-1	Mathematics; Mathematical Applications in Computer Science; Mathematics of Computing	Springer Fachmedien Wiesbaden	Springer Spektrum		https://link.springer.com/content/pdf/10.1007%2F978-3-658-21565-1.pdf
Tutorium Analysis 1 und Lineare Algebra 1	Florian Modler, Martin Kreh	4. Aufl. 2018	German textbook	2018	Springer-Verlag GmbH Deutschland, ein Teil von Springer Nature	978-3-662-56751-7	978-3-662-56752-4	DE	German	11777	Life Science and Basic Disciplines	Natur- und Basiswissenschaften					http://doi.org/10.1007/978-3-662-56752-4	http://link.springer.com/openurl?genre=book&isbn=978-3-662-56752-4	Mathematics; Analysis; Linear Algebra	Springer Berlin Heidelberg	Springer Spektrum	https://link.springer.com/download/epub/10.1007%2F978-3-662-56752-4.epub	https://link.springer.com/content/pdf/10.1007%2F978-3-662-56752-4.pdf
Maschinenbau	Werner Skolaut	2. Aufl. 2018	German textbook	2018	Springer-Verlag GmbH Deutschland, ein Teil von Springer Nature	978-3-662-55881-2	978-3-662-55882-9	DE	German	11774	Computer Science & Engineering	Technik & Informatik					http://doi.org/10.1007/978-3-662-55882-9	http://link.springer.com/openurl?genre=book&isbn=978-3-662-55882-9	Engineering; Mechanical Engineering; Engineering Design; Industrial and Production Engineering; Machinery and Machine Elements; Electrical Engineering; Materials Engineering	Springer Berlin Heidelberg	Springer Vieweg	https://link.springer.com/download/epub/10.1007%2F978-3-662-55882-9.epub	https://link.springer.com/content/pdf/10.1007%2F978-3-662-55882-9.pdf
Arbeitsbuch Mathematik	Tilo Arens, Frank Hettlich, Christian Karpfinger, Ulrich Kockelkorn, Klaus Lichtenegger, Hellmuth Stachel	4. Aufl. 2018	German textbook	2018	Springer-Verlag GmbH Deutschland, ein Teil von Springer Nature	978-3-662-56749-4	978-3-662-56750-0	DE	German	11777	Life Science and Basic Disciplines	Natur- und Basiswissenschaften					http://doi.org/10.1007/978-3-662-56750-0	http://link.springer.com/openurl?genre=book&isbn=978-3-662-56750-0	Mathematics; Calculus; Linear Algebra; Applications of Mathematics; Mathematical and Computational Engineering; Ordinary Differential Equations; Functions of a Complex Variable	Springer Berlin Heidelberg	Springer Spektrum	https://link.springer.com/download/epub/10.1007%2F978-3-662-56750-0.epub	https://link.springer.com/content/pdf/10.1007%2F978-3-662-56750-0.pdf
Arbeits- und Organisationspsychologie	Friedemann W. Nerdinger, Gerhard Blickle, Niclas Schaper	4. Aufl. 2019	German textbook	2019	Springer-Verlag GmbH Deutschland, ein Teil von Springer Nature	978-3-662-56665-7	978-3-662-56666-4	DE	German	40904	Psychology	Psychologie	0937-7433	2512-5214	Springer-Lehrbuch		http://doi.org/10.1007/978-3-662-56666-4	http://link.springer.com/openurl?genre=book&isbn=978-3-662-56666-4	Psychology; Industrial and Organizational Psychology; Human Resource Management; Organization; Industrial Organization; Personality and Social Psychology	Springer Berlin Heidelberg	Springer	https://link.springer.com/download/epub/10.1007%2F978-3-662-56666-4.epub	https://link.springer.com/content/pdf/10.1007%2F978-3-662-56666-4.pdf
Analysis 1	Otto Forster	12. Aufl. 2016	German textbook	2016	Springer Fachmedien Wiesbaden	978-3-658-11544-9	978-3-658-11545-6	DE	German	11777	Life Science and Basic Disciplines	Natur- und Basiswissenschaften	2626-613X	2626-6148	Grundkurs Mathematik		http://doi.org/10.1007/978-3-658-11545-6	http://link.springer.com/openurl?genre=book&isbn=978-3-658-11545-6	Mathematics; Analysis	Springer Fachmedien Wiesbaden	Springer Spektrum		https://link.springer.com/content/pdf/10.1007%2F978-3-658-11545-6.pdf
Biochemie	Werner Müller-Esterl	3. Aufl. 2018	German textbook	2018	Springer-Verlag GmbH Deutschland	978-3-662-54850-9	978-3-662-54851-6	DE	German	11777	Life Science and Basic Disciplines	Natur- und Basiswissenschaften					http://doi.org/10.1007/978-3-662-54851-6	http://link.springer.com/openurl?genre=book&isbn=978-3-662-54851-6	Life Sciences; Biochemistry, general; Medical Biochemistry; Biomedicine, general	Springer Berlin Heidelberg	Springer Spektrum		https://link.springer.com/content/pdf/10.1007%2F978-3-662-54851-6.pdf
Mathematik	Tilo Arens, Frank Hettlich, Christian Karpfinger, Ulrich Kockelkorn, Klaus Lichtenegger, Hellmuth Stachel	4. Aufl. 2018	German textbook	2018	Springer-Verlag GmbH Deutschland, ein Teil von Springer Nature	978-3-662-56740-1	978-3-662-56741-8	DE	German	11777	Life Science and Basic Disciplines	Natur- und Basiswissenschaften					http://doi.org/10.1007/978-3-662-56741-8	http://link.springer.com/openurl?genre=book&isbn=978-3-662-56741-8	Mathematics; Calculus; Linear Algebra; Applications of Mathematics; Mathematical and Computational Engineering; Ordinary Differential Equations; Functions of a Complex Variable	Springer Berlin Heidelberg	Springer Spektrum	https://link.springer.com/download/epub/10.1007%2F978-3-662-56741-8.epub	https://link.springer.com/content/pdf/10.1007%2F978-3-662-56741-8.pdf
